"","numDF","denDF","F-value","p-value"
"(Intercept)",1,109,5475.2886816737,0
"Treatment",3,109,1789.75859088565,0
"Stand",1,109,4.05789101307597,0.0464278750026911
"Treatment:Stand",3,109,4.57412641466096,0.00467274425464903
