"contrast","estimate","SE","df","t.ratio","p.value"
"Managed - Unmanaged",-0.753562785687909,0.255553668796706,109,-2.94874571449558,0.00390460125074958
